lilou;lola;8;15;Lilou@gmail.com;02/11/2020;Action
Jean;Paul;8;18;jeanPaul78@gmail.com;02/11/2020;Action
Pop;Smoke;12;38;PopSmoke@gmail.com;02/11/2020;Action
Dubois;Thomas;19;28;ThomasDubois123@gmail.com;03/11/2020;Action
Charles;xavier;15;27;charleXavier@gmail.com;02/11/2020;Action
Clark;duts;18;25;clarkDuts@gmail.com;05/11/2020;Action
Cath;Lor;15;22;cathLor@gmail.com;05/11/2020;Action
Francois;hollande;8;35;Francois@gmail.com;05/11/2020;Action
Aym;Brock;18;22;aymBrock@gmail.com;03/11/2020;Sciencefiction
Osu;isoumaki;15;22;osuIsoumaki78@gmail.com;05/11/2020;Romance
Bro;Jack;18;22;broJack@gmail.com;08/11/2020;Sciencefiction
Louis;Vignac;5;28;LouisVignac@gmail.com;08/11/2020;Action
Loic;Miranda;0;40;loicMiranda@gmail.com;08/11/2020;Fantastique
Michael;Roché;2;58;michaelRoche@gmail.com;12/11/2020;Fantastique
Jack;Paroos;12;25;JackParoos@gmail.com;20/11/2020;Fantastique
Francois;Hollandais;12;15;FrancoisHollandais@gmail.com;05/11/2020;Sciencefiction
Squezzie;deYou;10;15;squezzieDeyou@gmail.com;04/11/2020;Action
Queen;larouse;19;67;QueenLarouse@gmail.com;02/11/2020;Romance
Morice;Bulgé;17;51;Moris@gmail.com;02/11/2020;Action
Oussama;Amar;11;27;oussamaAmar123@gmail.com;02/11/2020;Action
Torido;Biro;18;10;torido@gmail.com;10/11/2020;Fantastique
Naruto;uchiwa;17;19;narutoDeLaD@gmail.com;10/12/2020;Sciencefiction
Ping;chingHang;10;15;pingChingHang@gmail.com;02/11/2020;Action
victan;brex;11;19;victanbrex@gmail.com;02/11/2020;Romance
victan;brex;17;19;victanbrex@gmail.com;02/11/2020;Fantastique
victan;brex;17;19;victanbrex@gmail.com;02/11/2020;Action
Morice;Bulgé;20;51;Moris@gmail.com;02/11/2020;Action
Luis;Viral;19;18;luisViral@gmail.com;03/11/2020;Action
Luis;Viral;14;18;luisViral@gmail.com;03/11/2020;Action
toto;Bris;78;19;toto@gmail.com;03/11/2020;Horreur
toto;Bris;50;19;toto@gmail.com;03/11/2020;Fantastique
toto;Bris;22;19;toto@gmail.com;03/11/2020;Horreur
Logan;Paul;18;34;loganPaul@gmail.com;03/11/2020;Horreur
Haily;Haily;6;20;hailyaymen@gmail.com;17/11/2020;Fantastique
ousmane;TOTO;16;18;OSO@GMAIl.com;18/11/2020;Comédie
toto;toto;16;15;tpoo@gmail.com;25/09/2021;Comédie
tzett;rzzt;4;12;SQDQ@gmail.com;25/11/2021;Comédie
